dat_ref,close,high,low,vpen,volume
2023-01-02,227.5,227.5,224.55999755859375,225.52999877929688,129945
2023-01-03,230.5,230.5,225.8699951171875,227.5,841137
2023-01-04,232.0,232.27999877929688,228.61000061035156,229.77000427246094,1000098
2023-01-05,224.8800048828125,228.5,224.0,228.27999877929688,669891
2023-01-06,224.5,225.0,222.08999633789062,223.36000061035156,532125
2023-01-09,225.4499969482422,229.88999938964844,225.19000244140625,226.99000549316406,490157
2023-01-10,225.5,225.5,223.10000610351562,224.77000427246094,697776
2023-01-11,226.1999969482422,226.1999969482422,224.00999450683594,225.1699981689453,735664
2023-01-12,224.25,226.60000610351562,222.38999938964844,225.64999389648438,814336
2023-01-13,224.85000610351562,224.85000610351562,221.35000610351562,223.49000549316406,759469
2023-01-16,228.0,228.0,223.77000427246094,224.19000244140625,317346
2023-01-17,225.0,226.2100067138672,223.97000122070312,225.36000061035156,614651
2023-01-18,224.5,224.8699951171875,222.6999969482422,224.3699951171875,593841
2023-01-19,222.5,224.3800048828125,222.4499969482422,223.58999633789062,722455
2023-01-20,228.10000610351562,228.10000610351562,223.25999450683594,223.3300018310547,783965
2023-01-23,230.5500030517578,230.8699951171875,226.88999938964844,227.05999755859375,786847
2023-01-24,227.60000610351562,228.6300048828125,226.52999877929688,228.32000732421875,985445
2023-01-25,224.6999969482422,224.82000732421875,220.5,224.2100067138672,756540
2023-01-26,226.9499969482422,227.2100067138672,224.16000366210938,226.50999450683594,840301
2023-01-27,229.55999755859375,230.14999389648438,225.2899932861328,225.60000610351562,745265
2023-01-30,227.0,228.0,226.00999450683594,226.49000549316406,886821
2023-01-31,228.1999969482422,228.1999969482422,224.9499969482422,226.13999938964844,998044
2023-02-01,230.0,230.38999938964844,225.85000610351562,227.1300048828125,1048064
2023-02-02,231.4199981689453,232.57000732421875,225.6999969482422,228.2899932861328,662506
2023-02-03,239.0,239.0,231.14999389648438,231.89999389648438,1245352
2023-02-06,233.10000610351562,236.0,232.89999389648438,233.47000122070312,847045
2023-02-07,239.4199981689453,239.4199981689453,232.89999389648438,233.0,902243
2023-02-08,235.6999969482422,238.2899932861328,235.17999267578125,236.94000244140625,995691
2023-02-09,236.0,240.9499969482422,236.0,237.88999938964844,1293885
2023-02-10,231.0,236.4499969482422,231.0,235.0399932861328,750495
2023-02-13,235.5,235.61000061035156,233.02999877929688,234.49000549316406,873408
2023-02-14,236.5,237.44000244140625,233.02999877929688,235.2100067138672,930527
2023-02-15,240.0,240.0,235.25999450683594,236.52000427246094,722647
2023-02-16,235.4499969482422,239.08999633789062,235.39999389648438,239.0,779876
2023-02-17,233.0,234.3000030517578,230.3300018310547,234.0,475507
2023-02-22,228.0,230.64999389648438,226.39999389648438,228.99000549316406,594818
2023-02-23,228.0,228.52999877929688,224.5399932861328,227.6699981689453,588236
2023-02-24,229.0,229.0,225.24000549316406,226.72999572753906,552751
2023-02-27,229.08999633789062,229.8699951171875,227.55999755859375,228.27000427246094,590853
2023-02-28,229.3000030517578,230.33999633789062,227.5800018310547,229.1999969482422,548609
2023-03-01,226.5500030517578,228.49000549316406,225.5,228.24000549316406,476559
2023-03-02,228.50999450683594,229.1199951171875,225.50999450683594,226.1300048828125,522708
2023-03-03,232.6199951171875,232.6199951171875,228.57000732421875,228.5800018310547,412983
2023-03-06,231.5,233.47000122070312,230.4600067138672,232.1999969482422,552828
2023-03-07,229.39999389648438,231.9499969482422,227.9600067138672,231.5,516938
2023-03-08,226.9499969482422,227.75,224.72999572753906,227.5800018310547,553016
2023-03-09,223.60000610351562,227.30999755859375,222.39999389648438,225.5,588017
2023-03-10,223.0,225.4199981689453,221.22999572753906,224.0,691462
2023-03-13,224.77999877929688,225.5,220.89999389648438,222.47000122070312,696756
2023-03-14,227.5,228.0800018310547,224.8000030517578,225.02000427246094,616286
2023-03-15,227.6999969482422,227.6999969482422,224.27000427246094,224.94000244140625,549701
2023-03-16,229.72000122070312,230.30999755859375,225.6300048828125,226.67999267578125,734055
2023-03-17,226.0,229.72000122070312,226.0,228.64999389648438,574527
2023-03-20,229.25,229.25,226.3699951171875,227.3699951171875,461746
2023-03-21,232.10000610351562,232.10000610351562,229.4600067138672,230.42999267578125,556999
2023-03-22,227.7100067138672,233.32000732421875,227.7100067138672,232.13999938964844,686400
2023-03-23,230.5,232.9199981689453,228.02000427246094,228.1999969482422,718213
2023-03-24,230.61000061035156,230.8000030517578,227.69000244140625,230.67999267578125,539804
2023-03-27,228.6999969482422,231.42999267578125,228.61000061035156,230.60000610351562,641662
2023-03-28,226.5500030517578,227.77000427246094,224.8000030517578,227.57000732421875,671370
2023-03-29,227.8800048828125,228.60000610351562,226.75,227.85000610351562,504579
2023-03-30,227.8000030517578,230.14999389648438,226.89999389648438,228.17999267578125,777920
2023-03-31,229.75,229.75,227.10000610351562,228.10000610351562,994117
2023-04-03,230.6999969482422,230.77000427246094,228.55999755859375,229.05999755859375,339238
2023-04-04,229.77999877929688,230.97999572753906,229.22000122070312,230.7100067138672,506105
2023-04-05,227.64999389648438,228.5500030517578,226.07000732421875,228.41000366210938,1947259
2023-04-06,228.00999450683594,229.13999938964844,226.97999572753906,228.0,641720
2023-04-10,229.0,229.6699981689453,228.02000427246094,228.63999938964844,241984
2023-04-11,226.64999389648438,227.82000732421875,225.6999969482422,227.50999450683594,363213
2023-04-12,222.4499969482422,226.9499969482422,222.4499969482422,226.64999389648438,572244
2023-04-13,225.0,225.69000244140625,221.77999877929688,222.60000610351562,288275
2023-04-14,224.0,227.0800018310547,223.7100067138672,224.86000061035156,431888
2023-04-17,226.11000061035156,226.1300048828125,223.89999389648438,224.97999572753906,263172
2023-04-18,227.75,228.9499969482422,227.0500030517578,227.39999389648438,915857
2023-04-19,233.0,233.0,228.0500030517578,229.0,1180022
2023-04-20,230.6699981689453,230.8000030517578,229.2100067138672,230.4199981689453,561724
2023-04-24,230.5,231.9199981689453,229.60000610351562,230.60000610351562,275308
2023-04-25,228.49000549316406,230.5399932861328,227.67999267578125,229.17999267578125,701654
2023-04-26,227.0,228.75999450683594,225.83999633789062,228.27999877929688,403751
2023-04-27,227.5,227.5,225.3300018310547,226.4499969482422,549184
2023-04-28,229.75,230.07000732421875,227.17999267578125,227.25999450683594,425873
2023-05-02,229.60000610351562,230.64999389648438,227.4600067138672,230.3800048828125,524074
2023-05-03,225.58999633789062,229.99000549316406,225.35000610351562,229.3800048828125,856817
2023-05-04,223.6999969482422,225.5,223.38999938964844,224.77999877929688,686089
2023-05-05,225.60000610351562,225.89999389648438,223.8300018310547,225.2100067138672,857564
2023-05-08,228.89999389648438,229.30999755859375,225.77999877929688,226.02999877929688,698941
2023-05-09,226.9499969482422,228.5,225.97999572753906,228.47000122070312,654186
2023-05-10,225.6999969482422,227.1300048828125,224.02999877929688,226.8699951171875,670005
2023-05-11,225.0,227.02999877929688,224.16000366210938,226.14999389648438,964234
2023-05-12,224.0,225.52999877929688,222.6699981689453,225.08999633789062,580678
2023-05-15,223.5,224.6300048828125,222.99000549316406,223.9600067138672,583928
2023-05-16,224.5,225.47000122070312,222.58999633789062,223.5399932861328,657156
2023-05-17,226.6999969482422,226.6999969482422,224.52000427246094,225.02000427246094,468359
2023-05-18,230.52999877929688,230.52999877929688,227.02999877929688,227.02999877929688,572029
2023-05-19,231.49000549316406,232.47999572753906,230.0,230.83999633789062,583772
2023-05-22,230.3000030517578,230.97000122070312,229.27000427246094,230.69000244140625,428601
2023-05-23,227.8000030517578,230.13999938964844,227.27999877929688,230.0399932861328,773893
2023-05-24,225.32000732421875,225.9199981689453,224.17999267578125,225.47999572753906,413018
2023-05-25,231.0,231.36000061035156,227.4600067138672,228.3000030517578,792817
2023-05-26,231.60000610351562,232.5500030517578,230.00999450683594,230.2100067138672,513478
2023-05-29,233.38999938964844,233.38999938964844,231.00999450683594,231.58999633789062,134926
2023-05-30,234.0,236.16000366210938,233.74000549316406,235.3300018310547,360247
2023-05-31,233.25,236.1999969482422,233.25,234.11000061035156,440302
2023-06-01,233.39999389648438,234.27000427246094,231.89999389648438,233.5,418923
2023-06-02,234.0,235.0399932861328,231.89999389648438,233.19000244140625,334177
2023-06-05,232.5500030517578,234.36000061035156,232.08999633789062,233.82000732421875,228601
2023-06-06,232.49000549316406,233.64999389648438,231.2100067138672,233.0800018310547,178917
2023-06-07,231.85000610351562,233.10000610351562,231.25,232.1699981689453,207087
2023-06-09,231.44000244140625,233.5,231.3000030517578,232.63999938964844,249021
2023-06-12,232.7100067138672,233.13999938964844,231.58999633789062,232.19000244140625,356196
2023-06-13,234.10000610351562,234.8800048828125,232.9499969482422,233.52000427246094,274205
2023-06-14,232.0,234.86000061035156,231.38999938964844,234.10000610351562,731263
2023-06-15,235.0,235.41000366210938,231.75,231.75,566600
2023-06-16,235.0,237.55999755859375,234.86000061035156,236.77000427246094,530626
2023-06-19,232.89999389648438,234.85000610351562,232.3300018310547,234.85000610351562,126700
2023-06-20,232.1999969482422,233.44000244140625,231.24000549316406,232.8000030517578,501538
2023-06-21,230.07000732421875,232.38999938964844,229.6999969482422,232.1999969482422,453192
2023-06-22,231.10000610351562,231.13999938964844,229.27000427246094,229.64999389648438,119256
2023-06-23,229.4499969482422,230.88999938964844,228.83999633789062,230.88999938964844,105385
2023-06-26,228.0,229.67999267578125,228.0,229.00999450683594,88039
2023-06-27,232.02000427246094,232.4499969482422,227.6199951171875,227.91000366210938,167182
2023-06-28,234.74000549316406,235.0,233.0,234.0,112870
2023-06-29,235.0,236.0,234.32000732421875,235.0,122549
2023-06-30,235.25,237.1999969482422,235.25,235.88999938964844,279214
2023-07-03,236.97999572753906,237.0,234.5399932861328,235.25999450683594,67788
2023-07-04,238.10000610351562,239.0,235.8000030517578,236.14999389648438,83568
2023-07-05,238.2899932861328,239.38999938964844,237.1999969482422,237.3000030517578,403940
2023-07-06,240.89999389648438,240.89999389648438,236.9199981689453,238.25999450683594,306403
2023-07-07,237.5,239.47999572753906,236.67999267578125,238.86000061035156,181418
2023-07-10,238.66000366210938,238.66000366210938,236.24000549316406,236.8300018310547,203497
2023-07-11,238.60000610351562,240.1999969482422,237.4199981689453,239.11000061035156,294294
2023-07-12,238.64999389648438,239.0800018310547,236.82000732421875,238.0,578990
2023-07-13,239.10000610351562,239.5500030517578,237.89999389648438,238.63999938964844,171565
2023-07-14,238.85000610351562,240.25999450683594,238.27000427246094,238.8800048828125,181790
2023-07-17,240.3699951171875,241.7100067138672,239.8000030517578,239.8300018310547,192035
2023-07-18,242.39999389648438,242.49000549316406,239.94000244140625,240.0,414096
2023-07-19,241.77000427246094,242.8000030517578,241.14999389648438,242.27000427246094,181311
2023-07-20,241.1300048828125,242.16000366210938,240.1300048828125,240.9600067138672,538474
2023-07-21,239.88999938964844,241.1199951171875,239.07000732421875,241.00999450683594,138441
2023-07-24,238.8000030517578,240.4600067138672,237.8300018310547,239.5,660775
2023-07-25,240.60000610351562,240.60000610351562,238.41000366210938,238.94000244140625,145369
2023-07-26,239.4499969482422,239.4499969482422,237.86000061035156,238.97999572753906,236035
2023-07-27,238.9499969482422,241.0,237.77999877929688,239.77999877929688,414618
2023-07-28,240.1999969482422,241.39999389648438,238.0,238.44000244140625,421877
2023-07-31,239.82000732421875,241.52999877929688,239.14999389648438,239.75,286599
2023-08-01,242.64999389648438,243.0,241.19000244140625,241.2100067138672,459652
2023-08-02,240.1999969482422,241.57000732421875,239.27999877929688,241.13999938964844,360886
2023-08-03,244.75,244.75,241.88999938964844,242.00999450683594,835128
2023-08-04,241.6999969482422,243.66000366210938,240.91000366210938,243.41000366210938,863298
2023-08-07,244.99000549316406,244.99000549316406,243.0500030517578,243.0500030517578,353609
2023-08-08,243.9499969482422,244.4600067138672,242.2899932861328,244.1699981689453,368973
2023-08-09,243.0,244.25,241.77000427246094,244.1300048828125,472043
2023-08-10,241.52999877929688,242.75,239.77999877929688,242.05999755859375,581248
2023-08-11,242.75,242.75,240.55999755859375,241.42999267578125,380646
2023-08-14,246.6999969482422,246.6999969482422,243.13999938964844,243.13999938964844,938507
2023-08-15,245.25,247.0,244.64999389648438,245.3000030517578,496099
2023-08-16,242.99000549316406,245.19000244140625,242.83999633789062,244.49000549316406,437532
2023-08-17,241.1999969482422,243.4499969482422,240.77999877929688,243.25999450683594,691070
2023-08-18,240.67999267578125,240.75999450683594,238.80999755859375,240.1300048828125,266484
2023-08-21,242.6999969482422,242.6999969482422,240.3000030517578,241.41000366210938,350124
2023-08-22,240.19000244140625,242.66000366210938,239.2100067138672,242.3000030517578,359243
2023-08-23,238.64999389648438,240.97999572753906,238.11000061035156,239.89999389648438,591683
2023-08-24,236.8000030517578,240.5800018310547,236.32000732421875,240.02000427246094,454895
2023-08-25,238.35000610351562,238.35000610351562,235.61000061035156,236.8000030517578,679798
2023-08-28,239.74000549316406,240.9199981689453,238.55999755859375,239.33999633789062,428733
2023-08-29,241.85000610351562,241.94000244140625,239.3800048828125,239.74000549316406,588133
2023-08-30,243.85000610351562,243.85000610351562,241.6199951171875,241.6199951171875,416319
2023-08-31,247.64999389648438,248.33999633789062,244.94000244140625,244.94000244140625,829850
2023-09-01,246.8000030517578,247.33999633789062,245.72999572753906,246.97000122070312,552631
2023-09-04,246.94000244140625,247.05999755859375,245.0500030517578,246.8000030517578,58169
2023-09-05,248.10000610351562,248.83999633789062,247.41000366210938,248.13999938964844,335835
2023-09-06,246.4600067138672,248.0800018310547,244.91000366210938,248.0,383745
2023-09-08,246.35000610351562,246.85000610351562,245.41000366210938,245.69000244140625,282515
2023-09-11,244.89999389648438,245.69000244140625,244.22999572753906,245.5500030517578,483225
2023-09-12,245.35000610351562,246.10000610351562,244.33999633789062,245.47000122070312,279461
2023-09-13,243.10000610351562,244.5,242.44000244140625,244.2899932861328,518469
2023-09-14,243.5,243.7899932861328,242.38999938964844,242.9600067138672,309632
2023-09-15,240.75,243.24000549316406,239.92999267578125,242.83999633789062,303295
2023-09-18,239.89999389648438,239.97999572753906,239.00999450683594,239.5,370915
2023-09-19,239.8000030517578,240.1999969482422,238.02000427246094,239.63999938964844,865614
2023-09-20,238.3300018310547,239.8000030517578,237.9199981689453,239.47999572753906,304959
2023-09-21,236.5500030517578,238.88999938964844,236.5500030517578,238.3300018310547,430255
2023-09-22,236.52000427246094,237.55999755859375,235.82000732421875,236.52999877929688,629260
2023-09-25,239.1999969482422,239.1999969482422,236.1999969482422,236.5,308695
2023-09-26,235.9499969482422,237.5399932861328,235.60000610351562,237.3000030517578,429551
2023-09-27,239.14999389648438,239.55999755859375,237.25999450683594,237.66000366210938,276370
2023-09-28,239.49000549316406,240.77999877929688,238.8800048828125,239.1300048828125,503666
2023-09-29,238.7899932861328,240.5,237.25,239.52999877929688,434346
2023-10-02,240.8000030517578,240.97000122070312,238.7899932861328,238.82000732421875,148755
2023-10-03,241.64999389648438,241.64999389648438,239.17999267578125,240.1999969482422,287851
2023-10-04,243.5399932861328,243.5399932861328,240.1199951171875,241.1999969482422,196169
2023-10-05,243.8000030517578,244.16000366210938,241.97000122070312,242.89999389648438,365424
2023-10-06,246.6999969482422,246.9199981689453,243.0,243.5,487378
2023-10-09,246.6999969482422,246.9499969482422,245.00999450683594,245.30999755859375,161888
2023-10-10,244.2899932861328,246.39999389648438,244.1199951171875,245.75,310170
2023-10-11,245.3000030517578,245.3000030517578,243.5800018310547,244.2899932861328,299078
2023-10-13,244.0500030517578,245.1300048828125,242.97000122070312,244.35000610351562,170866
2023-10-16,244.1999969482422,245.3800048828125,243.74000549316406,244.17999267578125,321676
2023-10-17,244.10000610351562,244.19000244140625,242.39999389648438,244.19000244140625,392782
2023-10-18,242.08999633789062,244.10000610351562,240.8000030517578,242.9600067138672,387165
2023-10-19,239.58999633789062,242.72999572753906,239.02999877929688,242.30999755859375,330121
2023-10-20,235.16000366210938,239.8300018310547,235.16000366210938,239.58999633789062,454353
2023-10-23,234.60000610351562,235.77000427246094,233.74000549316406,234.69000244140625,353045
2023-10-24,235.25,236.11000061035156,233.8800048828125,235.9499969482422,170530
2023-10-25,232.1999969482422,234.13999938964844,231.61000061035156,234.0,323299
2023-10-26,229.0,231.97999572753906,228.6199951171875,231.5,512580
2023-10-27,228.99000549316406,228.99000549316406,226.3000030517578,227.86000061035156,349473
2023-10-30,233.02000427246094,233.49000549316406,228.47000122070312,228.99000549316406,400847
2023-10-31,234.0,234.1999969482422,232.44000244140625,233.8699951171875,222861
2023-11-01,233.39999389648438,234.64999389648438,232.3300018310547,234.0,541222
2023-11-03,236.97999572753906,237.19000244140625,234.72000122070312,234.80999755859375,577651
2023-11-06,236.25,237.5800018310547,235.58999633789062,237.0,489224
2023-11-07,236.77999877929688,236.80999755859375,234.80999755859375,235.36000061035156,423537
2023-11-08,238.1999969482422,238.5,236.3300018310547,236.77999877929688,358564
2023-11-09,237.9499969482422,238.75999450683594,237.3800048828125,238.1999969482422,294735
2023-11-10,240.14999389648438,240.27999877929688,237.2899932861328,237.89999389648438,341454
2023-11-13,240.39999389648438,240.97000122070312,239.74000549316406,240.14999389648438,144173
2023-11-14,242.75,242.99000549316406,239.25999450683594,240.38999938964844,248788
2023-11-16,243.64999389648438,243.64999389648438,240.75,242.6999969482422,202482
2023-11-17,245.85000610351562,245.88999938964844,243.64999389648438,244.0,216662
2023-11-20,244.6999969482422,245.25,243.67999267578125,245.25,164215
2023-11-21,246.1699981689453,246.41000366210938,244.22000122070312,245.0,379849
2023-11-22,247.9499969482422,248.47999572753906,245.63999938964844,246.2899932861328,302761
2023-11-23,247.5,247.9499969482422,247.00999450683594,247.47999572753906,29954
2023-11-24,248.10000610351562,248.10000610351562,246.0,247.94000244140625,153331
2023-11-27,247.0,248.36000061035156,246.0,247.00999450683594,267627
2023-11-28,246.00999450683594,247.6999969482422,245.2899932861328,247.0,282323
2023-11-29,247.5,248.86000061035156,246.89999389648438,248.33999633789062,235349
2023-11-30,249.6999969482422,250.0,247.85000610351562,248.82000732421875,354101
2023-12-01,248.89999389648438,249.6699981689453,247.69000244140625,249.6699981689453,193194
2023-12-04,250.85000610351562,250.85000610351562,248.1300048828125,248.8000030517578,154717
2023-12-05,249.75,251.75,249.50999450683594,250.5500030517578,137642
2023-12-06,247.6999969482422,249.97999572753906,247.5,249.75,151639
2023-12-07,249.5,250.11000061035156,247.05999755859375,247.10000610351562,89658
2023-12-08,251.85000610351562,252.2899932861328,248.7899932861328,249.5,174686
2023-12-11,253.25,253.35000610351562,251.0,251.8699951171875,162726
2023-12-12,255.89999389648438,255.89999389648438,253.00999450683594,253.25,167376
2023-12-13,257.0,257.0,254.8800048828125,256.0,86050
2023-12-14,257.5,258.0,255.8300018310547,256.3699951171875,128461
2023-12-15,259.04998779296875,259.3800048828125,257.5,258.29998779296875,165482
2023-12-18,257.79998779296875,259.989990234375,257.5299987792969,259.04998779296875,132883
2023-12-19,257.20001220703125,257.42999267578125,256.260009765625,257.0899963378906,89263
2023-12-20,256.20001220703125,259.29998779296875,256.20001220703125,257.2799987792969,87016
2023-12-21,256.79998779296875,257.1300048828125,254.89999389648438,256.3299865722656,72153
2023-12-22,256.25,257.4100036621094,255.24000549316406,256.5,105185
2023-12-26,256.1499938964844,256.239990234375,254.3000030517578,255.49000549316406,159215
2023-12-27,256.2099914550781,256.3299865722656,255.0,256.0,82817
2023-12-28,257.6099853515625,258.6000061035156,256.2099914550781,256.2099914550781,162352
2024-01-02,259.0,259.1099853515625,256.010009765625,257.5299987792969,177031
2024-01-03,257.1000061035156,258.5,256.45001220703125,258.5,132889
2024-01-04,254.89999389648438,257.57000732421875,254.89999389648438,257.05999755859375,162794
2024-01-05,253.9499969482422,255.8300018310547,253.0800018310547,254.92999267578125,201116
2024-01-08,257.1099853515625,260.0,253.99000549316406,254.4600067138672,125623
2024-01-09,258.8500061035156,258.9700012207031,256.3999938964844,257.1099853515625,150247
2024-01-10,259.2799987792969,259.8500061035156,257.6099853515625,258.07000732421875,161883
2024-01-11,258.20001220703125,259.2799987792969,256.6700134277344,259.2799987792969,60135
2024-01-12,257.4800109863281,258.0899963378906,256.5400085449219,258.0899963378906,70936
2024-01-15,258.1099853515625,260.0,256.69000244140625,257.0,51364
2024-01-16,260.2799987792969,261.0,258.1499938964844,259.0,203971
2024-01-17,259.0,260.2699890136719,258.1099853515625,260.2699890136719,66732
2024-01-18,261.0199890136719,262.3999938964844,259.6700134277344,260.0,162743
2024-01-19,264.42999267578125,264.69000244140625,261.4700012207031,261.6600036621094,171002
2024-01-22,268.32000732421875,268.82000732421875,264.9700012207031,265.0,450809
2024-01-23,267.4800109863281,268.75,266.1700134277344,267.92999267578125,111606
2024-01-24,266.3500061035156,267.8999938964844,266.30999755859375,266.6300048828125,97168
2024-01-25,267.0799865722656,267.5400085449219,265.9700012207031,266.3500061035156,133788
2024-01-26,266.8299865722656,267.6300048828125,266.1000061035156,266.8500061035156,46107
2024-01-29,270.5,270.5,265.9700012207031,266.80999755859375,156884
2024-01-30,270.1300048828125,271.95001220703125,269.67999267578125,269.8999938964844,188629
2024-01-31,266.6199951171875,270.3999938964844,266.6199951171875,270.1300048828125,294688
2024-02-01,267.45001220703125,267.510009765625,264.8699951171875,267.510009765625,117890
2024-02-02,273.010009765625,274.19000244140625,268.54998779296875,269.0,192845
2024-02-05,273.44000244140625,274.9800109863281,273.1499938964844,274.0400085449219,115746
2024-02-06,272.75,273.8999938964844,271.29998779296875,273.44000244140625,130608
2024-02-07,275.239990234375,275.4700012207031,272.79998779296875,272.79998779296875,88809
2024-02-08,277.1499938964844,277.1499938964844,275.0799865722656,275.260009765625,128426
2024-02-09,276.25,277.0,275.17999267578125,276.9100036621094,101638
2024-02-14,275.8500061035156,275.8500061035156,273.3999938964844,275.0,104433
2024-02-15,277.70001220703125,277.70001220703125,275.5,275.9700012207031,313987
2024-02-16,276.3500061035156,277.989990234375,275.6700134277344,277.7099914550781,120846
2024-02-19,276.70001220703125,277.4100036621094,275.510009765625,276.3500061035156,55643
2024-02-20,272.29998779296875,275.1700134277344,271.2900085449219,274.989990234375,185191
2024-02-21,273.79998779296875,273.79998779296875,271.29998779296875,272.20001220703125,108933
2024-02-22,280.29998779296875,280.7300109863281,276.07000732421875,276.2099914550781,290161
2024-02-23,282.20001220703125,283.42999267578125,279.42999267578125,281.0,226664
2024-02-26,280.4200134277344,282.7799987792969,280.4200134277344,282.1000061035156,98742
2024-02-27,278.20001220703125,280.8399963378906,277.1000061035156,280.4200134277344,213373
2024-02-28,279.95001220703125,280.3399963378906,278.2099914550781,278.5,329209
2024-02-29,281.1000061035156,282.3999938964844,279.75,280.510009765625,163093
2024-03-01,282.739990234375,282.9800109863281,280.2300109863281,281.1000061035156,174664
2024-03-04,282.3399963378906,283.0400085449219,281.80999755859375,282.7300109863281,296598
2024-03-05,279.8599853515625,282.2300109863281,278.5799865722656,282.2300109863281,206255
2024-03-06,280.4200134277344,281.19000244140625,279.29998779296875,280.04998779296875,218092
2024-03-07,282.6199951171875,283.0,280.489990234375,280.989990234375,256960
2024-03-08,283.75,286.7699890136719,283.17999267578125,283.5,178385
2024-03-11,283.25,283.739990234375,281.2799987792969,283.739990234375,103708
2024-03-12,286.239990234375,286.25,283.6400146484375,284.20001220703125,81629
2024-03-13,285.57000732421875,286.7699890136719,284.79998779296875,286.260009765625,74960
2024-03-14,285.75,286.3900146484375,284.3599853515625,285.989990234375,57026
2024-03-15,284.3999938964844,285.9800109863281,283.3999938964844,285.760009765625,94480
2024-03-18,288.0,288.989990234375,285.510009765625,285.92999267578125,141818
2024-03-19,289.5199890136719,289.5799865722656,287.2799987792969,288.0199890136719,85869
2024-03-20,288.75,289.3399963378906,287.42999267578125,289.3399963378906,61819
2024-03-21,289.29998779296875,290.489990234375,289.0,289.5,97502
2024-03-22,290.6199951171875,291.7099914550781,289.1499938964844,289.8800048828125,187067
2024-03-25,288.3299865722656,289.9100036621094,288.3299865722656,289.510009765625,99917
2024-03-26,288.0,289.989990234375,288.0,289.1300048828125,132714
2024-03-27,290.6600036621094,290.6600036621094,288.1600036621094,289.55999755859375,171346
2024-03-28,292.6000061035156,293.25,290.3900146484375,291.17999267578125,165656
2024-04-01,294.70001220703125,294.9599914550781,293.0199890136719,293.19000244140625,102130
2024-04-02,292.70001220703125,293.19000244140625,290.6000061035156,292.9200134277344,124549
2024-04-03,291.95001220703125,294.92999267578125,291.2099914550781,293.1499938964844,97725
2024-04-04,289.010009765625,294.0,288.7200012207031,293.3900146484375,123274
2024-04-05,292.80999755859375,293.7900085449219,288.5199890136719,289.010009765625,118811
2024-04-08,291.0,293.8999938964844,290.6400146484375,292.80999755859375,75323
2024-04-09,290.20001220703125,291.0,287.5799865722656,291.0,99297
2024-04-10,291.0,291.489990234375,288.0,288.6400146484375,88761
2024-04-11,294.1000061035156,294.739990234375,290.5,291.0,110201
2024-04-12,292.1000061035156,294.9800109863281,291.0,293.9700012207031,141010
2024-04-15,291.54998779296875,297.8399963378906,291.29998779296875,295.0899963378906,203687
2024-04-16,295.80999755859375,296.9800109863281,294.3599853515625,294.3599853515625,250678
2024-04-17,292.3999938964844,295.9100036621094,291.8999938964844,295.9100036621094,141063
2024-04-18,292.29998779296875,295.67999267578125,292.04998779296875,292.989990234375,92194
2024-04-19,287.0,292.4700012207031,286.29998779296875,292.0199890136719,218901
2024-04-22,288.2900085449219,289.8900146484375,287.010009765625,289.45001220703125,113306
2024-04-23,289.70001220703125,290.70001220703125,288.5,289.5199890136719,136943
2024-04-24,289.7300109863281,291.739990234375,289.1499938964844,290.0299987792969,72067
2024-04-25,290.510009765625,290.510009765625,286.95001220703125,287.989990234375,156886
2024-04-26,289.79998779296875,291.1600036621094,288.9599914550781,290.4800109863281,94046
2024-04-29,290.95001220703125,291.29998779296875,289.5,290.0,54335
2024-04-30,291.0,294.760009765625,290.989990234375,291.4800109863281,412357
2024-05-02,288.0,289.04998779296875,284.7699890136719,288.67999267578125,207365
2024-05-03,289.489990234375,289.5,287.6600036621094,288.4100036621094,99549
2024-05-06,292.1000061035156,292.1000061035156,290.1300048828125,290.489990234375,78773
2024-05-07,292.25,292.739990234375,291.3900146484375,291.510009765625,52374
2024-05-08,293.3999938964844,293.79998779296875,292.25,292.9800109863281,85643
2024-05-09,298.29998779296875,299.2900085449219,296.45001220703125,296.54998779296875,219962
2024-05-10,299.3500061035156,299.6600036621094,298.4800109863281,298.8500061035156,79062
2024-05-13,299.1000061035156,299.8999938964844,297.6700134277344,298.5199890136719,72206
2024-05-14,299.29998779296875,299.6099853515625,297.5199890136719,298.0,107236
2024-05-15,303.20001220703125,303.2799987792969,300.510009765625,300.510009765625,132790
2024-05-16,302.6499938964844,303.739990234375,302.0299987792969,302.44000244140625,86328
2024-05-17,301.1400146484375,302.79998779296875,300.2900085449219,302.6499938964844,230291
2024-05-20,301.70001220703125,302.9800109863281,301.3399963378906,302.29998779296875,170342
2024-05-21,303.0899963378906,303.4700012207031,300.29998779296875,301.489990234375,132369
2024-05-22,304.6099853515625,305.54998779296875,303.07000732421875,304.1199951171875,83680
2024-05-23,302.25,305.6499938964844,301.6499938964844,305.29998779296875,116961
2024-05-24,304.54998779296875,305.3299865722656,302.25,302.25,153402
2024-05-27,306.1199951171875,306.7300109863281,303.9800109863281,304.9100036621094,56038
2024-05-28,304.6099853515625,304.79998779296875,303.1600036621094,304.5,202247
2024-05-29,305.45001220703125,305.9800109863281,303.82000732421875,303.82000732421875,196637
2024-05-31,308.20001220703125,308.20001220703125,302.6300048828125,305.29998779296875,158930
2024-06-03,308.0,310.3699951171875,305.20001220703125,308.67999267578125,240253
2024-06-04,311.29998779296875,312.0,308.20001220703125,308.54998779296875,131856
2024-06-05,315.5799865722656,315.8299865722656,311.5,312.1300048828125,144749
2024-06-06,312.8999938964844,315.3999938964844,311.79998779296875,315.3999938964844,96964
2024-06-07,317.0299987792969,317.3999938964844,313.30999755859375,313.6300048828125,152545
2024-06-10,320.0,320.3699951171875,317.0400085449219,317.0400085449219,109838
2024-06-11,320.5199890136719,320.5199890136719,316.9200134277344,318.7799987792969,165207
2024-06-12,326.0,328.1499938964844,321.9800109863281,321.989990234375,454013
2024-06-13,324.70001220703125,327.2099914550781,323.010009765625,326.5400085449219,209503
2024-06-14,325.3800048828125,325.3800048828125,322.30999755859375,323.75,105553
2024-06-17,330.1000061035156,331.2300109863281,325.5899963378906,325.75,278068
2024-06-18,331.92999267578125,332.0,328.8999938964844,330.3699951171875,166989
2024-06-19,332.75,337.0,332.2900085449219,332.2900085449219,147579
2024-06-20,332.67999267578125,333.44000244140625,330.42999267578125,331.4800109863281,156947
2024-06-21,330.8500061035156,332.489990234375,329.6700134277344,331.989990234375,378907
2024-06-24,327.0,329.9800109863281,327.0,329.95001220703125,193386
2024-06-25,332.0,332.0,328.57000732421875,329.0,90481
2024-06-26,336.1600036621094,336.4700012207031,333.70001220703125,334.010009765625,289127
2024-06-27,336.25,337.67999267578125,334.79998779296875,335.8999938964844,86214
2024-06-28,339.8299865722656,343.1000061035156,338.1099853515625,338.7699890136719,132324
2024-07-01,344.8999938964844,344.8999938964844,338.4100036621094,340.54998779296875,148415
2024-07-02,347.010009765625,348.5,343.0899963378906,343.4700012207031,164101
2024-07-03,342.0,344.2099914550781,338.510009765625,344.0,289119
2024-07-04,337.9200134277344,340.0,337.3900146484375,337.989990234375,82264
2024-07-05,338.510009765625,341.7200012207031,338.05999755859375,338.79998779296875,186398
2024-07-08,339.6700134277344,341.25,338.1199951171875,339.2799987792969,126029
2024-07-09,336.2200012207031,339.3900146484375,335.75,339.3900146484375,104338
2024-07-10,339.6499938964844,339.95001220703125,334.0400085449219,334.0400085449219,216215
2024-07-11,338.5,340.0,337.1099853515625,338.0,188912
2024-07-12,339.8699951171875,342.489990234375,338.3999938964844,338.5299987792969,124638
2024-07-15,341.44000244140625,344.0,339.510009765625,342.45001220703125,179118
2024-07-16,342.760009765625,343.489990234375,339.0,341.3699951171875,105502
2024-07-17,341.29998779296875,342.04998779296875,340.29998779296875,340.92999267578125,280389
2024-07-18,344.8999938964844,346.3900146484375,342.010009765625,344.0,241950
2024-07-19,343.760009765625,343.9800109863281,341.1000061035156,342.9800109863281,92726
2024-07-22,345.2699890136719,345.5,341.5,343.760009765625,98288
2024-07-23,345.5,347.5799865722656,344.4599914550781,346.0,106803
2024-07-24,342.5,346.3900146484375,341.0199890136719,345.5299987792969,132651
2024-07-25,339.8999938964844,344.5,339.7699890136719,341.4700012207031,97678
2024-07-26,343.8999938964844,345.94000244140625,340.7900085449219,341.010009765625,99789
2024-07-29,342.25,345.1000061035156,342.25,344.07000732421875,78766
2024-07-30,339.5,345.29998779296875,339.5,344.989990234375,141932
2024-07-31,347.70001220703125,348.489990234375,345.1499938964844,348.2300109863281,271461
2024-08-01,347.5,350.989990234375,345.4100036621094,349.80999755859375,196180
2024-08-02,339.7300109863281,343.989990234375,338.0400085449219,343.989990234375,222617
2024-08-05,332.0,335.6000061035156,329.0,332.0,437795
2024-08-06,329.7200012207031,334.0,327.8999938964844,328.7099914550781,209494
2024-08-07,325.80999755859375,332.94000244140625,325.80999755859375,331.0199890136719,231272
2024-08-08,330.7200012207031,331.55999755859375,328.2200012207031,328.3500061035156,153760
2024-08-09,327.8999938964844,328.3900146484375,325.0899963378906,326.8999938964844,429856
2024-08-12,327.45001220703125,329.5799865722656,325.6199951171875,327.45001220703125,196534
2024-08-13,329.8999938964844,331.1600036621094,328.5,328.7799987792969,109562
2024-08-14,332.489990234375,332.8399963378906,328.17999267578125,331.0,82503
2024-08-15,338.8399963378906,339.20001220703125,334.010009765625,334.010009765625,140672
2024-08-16,338.3500061035156,339.45001220703125,335.0899963378906,335.3599853515625,136039
2024-08-19,338.0799865722656,338.2900085449219,334.8800048828125,338.2900085449219,182889
2024-08-20,342.1700134277344,342.8900146484375,339.4700012207031,339.69000244140625,113359
2024-08-21,343.25,344.5,340.7799987792969,342.0,157172
2024-08-22,347.30999755859375,349.04998779296875,344.75,348.0,133018
2024-08-23,344.4800109863281,348.239990234375,341.79998779296875,347.6000061035156,178804
2024-08-26,343.8999938964844,346.4599914550781,342.2200012207031,345.0,152487
2024-08-27,345.5799865722656,345.8900146484375,342.5299987792969,343.260009765625,109489
2024-08-28,346.54998779296875,346.989990234375,343.32000732421875,346.67999267578125,174810
2024-08-29,351.1000061035156,355.3399963378906,349.92999267578125,349.9599914550781,173570
2024-08-30,354.8500061035156,356.6000061035156,350.3999938964844,355.2099914550781,121828
2024-09-02,354.5,356.54998779296875,353.5,354.8299865722656,63186
2024-09-03,347.7799987792969,351.5,346.70001220703125,350.0,215087
2024-09-04,347.0,348.5400085449219,345.8599853515625,346.8999938964844,104232
2024-09-05,342.3900146484375,347.3299865722656,341.42999267578125,345.6000061035156,140447
2024-09-06,337.95001220703125,341.9599914550781,336.8500061035156,341.29998779296875,159155
2024-09-09,340.45001220703125,342.79998779296875,339.510009765625,341.30999755859375,73466
2024-09-10,346.45001220703125,346.9800109863281,342.0,343.3900146484375,125109
2024-09-11,349.6700134277344,349.6700134277344,341.1700134277344,344.3399963378906,100042
2024-09-12,350.80999755859375,352.25,348.6700134277344,350.0,169598
2024-09-13,349.75,350.80999755859375,347.8900146484375,350.5,105635
2024-09-16,346.75,349.2300109863281,344.489990234375,349.2300109863281,105978
2024-09-17,345.1499938964844,348.70001220703125,343.79998779296875,347.0,87002
2024-09-18,342.1499938964844,345.79998779296875,341.94000244140625,345.6000061035156,342370
2024-09-19,346.0199890136719,347.5299987792969,344.3599853515625,345.57000732421875,172370
2024-09-20,351.5299987792969,352.4800109863281,346.5,347.0,387460
2024-09-23,353.1199951171875,354.3999938964844,351.9599914550781,354.0,175383
2024-09-24,349.7699890136719,350.4599914550781,346.9100036621094,350.30999755859375,192109
2024-09-25,349.29998779296875,351.0899963378906,348.30999755859375,349.92999267578125,350261
2024-09-26,348.6199951171875,351.239990234375,347.0199890136719,350.8699951171875,177375
2024-09-27,347.5199890136719,350.0,347.2200012207031,348.739990234375,80842
2024-09-30,349.79998779296875,349.80999755859375,347.1600036621094,348.0,206855
2024-10-01,347.6000061035156,349.5799865722656,346.1099853515625,349.3599853515625,103926
2024-10-02,346.3999938964844,347.07000732421875,343.5299987792969,344.989990234375,128878
2024-10-03,347.79998779296875,350.0,346.29998779296875,347.9100036621094,240921
2024-10-04,349.8299865722656,351.3599853515625,347.2699890136719,351.29998779296875,73487
2024-10-07,348.57000732421875,351.20001220703125,347.20001220703125,347.79998779296875,72862
2024-10-08,354.5899963378906,354.9599914550781,350.010009765625,350.5,125971
2024-10-09,360.95001220703125,360.95001220703125,355.010009765625,355.010009765625,184048
2024-10-10,359.8500061035156,361.1499938964844,358.2699890136719,359.0,228020
2024-10-11,364.04998779296875,365.6499938964844,360.010009765625,360.010009765625,120068
2024-10-14,364.8500061035156,366.75,363.510009765625,366.75,98332
2024-10-15,367.1700134277344,369.1000061035156,366.1499938964844,367.6199951171875,104408
2024-10-16,369.0,369.489990234375,366.69000244140625,369.0,89248
2024-10-17,368.70001220703125,372.489990234375,368.70001220703125,372.0,137503
2024-10-18,372.54998779296875,372.6000061035156,368.0,369.1400146484375,231417
2024-10-21,371.6400146484375,374.6600036621094,370.1400146484375,372.75,108878
2024-10-22,372.0,373.17999267578125,368.7699890136719,370.989990234375,119030
2024-10-23,368.010009765625,372.70001220703125,366.5400085449219,372.4800109863281,137066
2024-10-24,366.79998779296875,371.1499938964844,366.79998779296875,370.75,118074
2024-10-25,369.42999267578125,371.989990234375,368.3699951171875,370.0,142657
2024-10-28,370.79998779296875,371.70001220703125,370.2200012207031,370.29998779296875,151658
2024-10-29,375.54998779296875,375.94000244140625,369.6199951171875,370.9200134277344,168211
2024-10-30,373.6000061035156,377.0,373.6000061035156,376.0,185135
2024-10-31,368.5799865722656,372.75,368.3699951171875,372.5799865722656,193240
2024-11-01,375.0199890136719,376.3500061035156,368.70001220703125,370.2300109863281,469285
2024-11-04,369.07000732421875,372.6400146484375,366.8399963378906,372.489990234375,238380
2024-11-05,370.54998779296875,373.1199951171875,368.95001220703125,369.8800048828125,148794
2024-11-06,375.25,383.3500061035156,374.0,382.5899963378906,273474
2024-11-07,379.70001220703125,381.32000732421875,373.70001220703125,376.70001220703125,181578
2024-11-08,384.20001220703125,387.489990234375,383.2200012207031,383.82000732421875,297979
2024-11-11,385.95001220703125,391.239990234375,385.010009765625,390.6199951171875,171316
2024-11-12,384.4800109863281,388.07000732421875,384.239990234375,385.8900146484375,140151
2024-11-13,387.9599914550781,390.19000244140625,382.70001220703125,383.6499938964844,129984
2024-11-14,384.9599914550781,389.1499938964844,383.92999267578125,389.0,161801
2024-11-18,378.54998779296875,380.75,376.3299865722656,379.69000244140625,252977
2024-11-19,381.6499938964844,382.0,376.29998779296875,379.4599914550781,112422
2024-11-21,386.29998779296875,387.30999755859375,381.8399963378906,384.7699890136719,142972
2024-11-22,387.20001220703125,388.75,385.19000244140625,385.989990234375,148043
2024-11-25,388.75,389.8900146484375,387.3599853515625,389.0,230286
2024-11-26,391.1499938964844,391.3999938964844,387.79998779296875,388.67999267578125,111573
2024-11-27,397.5,398.19000244140625,390.6000061035156,391.1499938964844,196814
2024-11-28,402.510009765625,404.55999755859375,400.0,400.1000061035156,151815
2024-11-29,402.8500061035156,410.3599853515625,401.44000244140625,406.6499938964844,276769
2024-12-02,410.0,411.0,405.7900085449219,405.7900085449219,258078
2024-12-03,409.1000061035156,411.739990234375,408.0400085449219,410.7900085449219,156887
2024-12-04,411.20001220703125,412.20001220703125,409.2799987792969,411.0,222324
2024-12-05,408.19000244140625,409.67999267578125,405.5400085449219,409.0199890136719,296330
2024-12-06,413.8699951171875,414.5299987792969,407.3399963378906,408.0,328823
2024-12-09,411.8500061035156,413.4700012207031,410.3900146484375,412.5400085449219,141516
2024-12-10,408.4800109863281,411.510009765625,407.6499938964844,410.0,203558
2024-12-11,405.1000061035156,411.0,404.25,408.2699890136719,197586
2024-12-12,405.8999938964844,410.6099853515625,400.3699951171875,400.5,160194
2024-12-13,409.6499938964844,410.6199951171875,405.5,409.9599914550781,136265
2024-12-16,416.6400146484375,416.6400146484375,408.92999267578125,409.7699890136719,286719
2024-12-17,413.0,418.7900085449219,410.010009765625,416.1199951171875,533607
2024-12-18,412.8900146484375,421.4800109863281,412.8900146484375,416.4200134277344,287348
2024-12-19,402.3500061035156,416.9200134277344,402.0,414.75,617043
2024-12-20,403.45001220703125,407.32000732421875,394.510009765625,396.5899963378906,329015
2024-12-23,413.5,414.2900085449219,406.6099853515625,407.7300109863281,337963
2024-12-26,417.20001220703125,417.489990234375,413.5,414.5199890136719,171647
2024-12-27,412.8999938964844,417.8800048828125,410.75,416.2699890136719,275964
2024-12-30,407.70001220703125,412.42999267578125,405.2699890136719,410.69000244140625,276116
2025-01-02,403.1499938964844,412.42999267578125,401.5,412.1199951171875,309756
2025-01-03,410.6499938964844,410.8299865722656,404.0,405.8299865722656,95069
2025-01-06,408.1199951171875,411.9800109863281,407.0,409.489990234375,134918
2025-01-07,403.2200012207031,407.80999755859375,401.239990234375,407.5299987792969,157575
2025-01-08,403.7900085449219,406.67999267578125,402.30999755859375,403.70001220703125,176808
2025-01-09,400.1700134277344,404.489990234375,400.1700134277344,403.8500061035156,51249
2025-01-10,398.04998779296875,402.989990234375,396.510009765625,400.1499938964844,462917
2025-01-13,397.8999938964844,397.8999938964844,394.1700134277344,394.79998779296875,138570
2025-01-14,395.6099853515625,398.5799865722656,392.3800048828125,397.489990234375,173452
2025-01-15,399.8699951171875,402.45001220703125,396.25,396.25,201926
2025-01-16,402.1300048828125,403.5,399.0,400.30999755859375,246887
2025-01-17,407.0,407.9800109863281,403.3299865722656,403.3299865722656,153995
2025-01-20,406.3299865722656,410.4200134277344,406.3299865722656,408.2200012207031,100552
2025-01-21,407.7900085449219,408.2200012207031,405.5799865722656,407.3599853515625,190754
2025-01-22,404.17999267578125,409.4700012207031,403.19000244140625,408.6099853515625,224785
2025-01-23,405.1600036621094,405.9800109863281,400.4200134277344,405.9800109863281,136944
2025-01-24,403.4100036621094,404.0,400.9599914550781,403.8900146484375,127756
2025-01-27,396.75,399.3699951171875,394.42999267578125,396.4700012207031,297814
2025-01-28,397.95001220703125,399.3399963378906,394.29998779296875,397.44000244140625,91686
2025-01-29,394.1000061035156,398.9700012207031,394.1000061035156,396.5799865722656,104295
2025-01-30,398.4100036621094,401.17999267578125,396.239990234375,399.0,195290
2025-01-31,394.1499938964844,400.3999938964844,393.739990234375,398.5,173087
2025-02-03,389.8800048828125,393.0799865722656,387.760009765625,390.44000244140625,218493
2025-02-04,388.0299987792969,391.239990234375,387.70001220703125,389.8800048828125,176319
2025-02-05,392.8999938964844,393.5,388.79998779296875,389.19000244140625,106694
2025-02-06,392.25,395.4700012207031,390.0199890136719,393.3800048828125,156304
2025-02-07,391.3999938964844,392.9200134277344,388.5,392.20001220703125,277831
2025-02-10,392.25,393.29998779296875,390.0299987792969,391.510009765625,171529
2025-02-11,391.6499938964844,393.0199890136719,389.95001220703125,392.25,103196
2025-02-12,389.5,393.0,386.82000732421875,391.6499938964844,118670
2025-02-13,393.8999938964844,394.8800048828125,390.0299987792969,390.0400085449219,89505
2025-02-14,388.6199951171875,392.989990234375,388.6199951171875,392.489990234375,135201
2025-02-17,391.1499938964844,392.3900146484375,390.4100036621094,391.79998779296875,59198
2025-02-18,389.3900146484375,392.92999267578125,388.1000061035156,391.7200012207031,132929
2025-02-19,392.70001220703125,394.0,389.1300048828125,391.0,86137
2025-02-20,390.4100036621094,392.2900085449219,388.1099853515625,391.5,89300
2025-02-21,385.3500061035156,391.7300109863281,385.239990234375,390.4200134277344,123406
2025-02-24,387.25,388.1000061035156,383.80999755859375,386.4599914550781,143308
2025-02-25,383.0,388.9599914550781,381.92999267578125,388.3999938964844,126793
2025-02-26,386.8800048828125,389.4800109863281,383.70001220703125,384.69000244140625,145243
2025-02-27,383.5,390.20001220703125,383.05999755859375,389.239990234375,133394
2025-02-28,392.70001220703125,392.70001220703125,382.8999938964844,385.0,246661
2025-03-05,376.6499938964844,378.17999267578125,373.2099914550781,375.2300109863281,386982
2025-03-06,370.70001220703125,374.8500061035156,368.1600036621094,372.4599914550781,296922
2025-03-07,373.8999938964844,374.9800109863281,367.1600036621094,370.70001220703125,259460
2025-03-10,367.95001220703125,370.57000732421875,365.4100036621094,369.739990234375,414051
2025-03-11,363.0,367.8500061035156,361.489990234375,367.8500061035156,535769
2025-03-12,364.010009765625,370.0,361.69000244140625,366.9800109863281,284676
2025-03-13,358.79998779296875,365.95001220703125,358.0,364.7300109863281,144301
2025-03-14,362.0,362.2300109863281,357.6000061035156,359.1499938964844,388097
2025-03-17,361.1000061035156,365.04998779296875,359.2099914550781,360.5,453762
2025-03-18,356.95001220703125,360.75,355.05999755859375,360.0,363625
2025-03-19,358.8999938964844,360.6400146484375,356.82000732421875,357.7099914550781,357263
2025-03-20,359.20001220703125,362.6199951171875,357.0199890136719,357.1400146484375,141969
2025-03-21,362.6499938964844,362.6499938964844,358.5400085449219,359.3800048828125,165485
2025-03-24,371.0,371.6000061035156,367.4599914550781,368.5299987792969,268458
2025-03-25,368.6499938964844,371.25,367.1400146484375,370.0,247197
2025-03-26,366.45001220703125,370.989990234375,365.1300048828125,370.739990234375,257424
2025-03-27,366.1499938964844,368.6700134277344,365.010009765625,367.989990234375,320067
2025-03-28,359.8500061035156,367.5299987792969,359.25,366.0,238034
2025-03-31,358.70001220703125,359.5,353.6000061035156,357.0,273955
2025-04-01,358.5,359.7900085449219,355.239990234375,358.2799987792969,142983
2025-04-02,363.2099914550781,363.2099914550781,353.0799865722656,355.3699951171875,266500
2025-04-03,339.8399963378906,346.2900085449219,339.70001220703125,343.5,1087597
2025-04-04,331.7799987792969,340.57000732421875,331.7799987792969,339.0,606150
2025-04-07,334.3500061035156,342.7799987792969,319.8599853515625,325.0,765288
2025-04-08,334.3999938964844,348.8999938964844,330.1600036621094,343.0,621867
2025-04-09,356.1000061035156,358.0,336.0899963378906,338.0,474372
2025-04-10,347.5,356.1000061035156,341.1199951171875,354.739990234375,684973
2025-04-11,351.5,354.0,344.6499938964844,347.0,1277209
2025-04-14,354.45001220703125,357.44000244140625,352.04998779296875,356.0,374720
2025-04-15,355.75,358.8999938964844,353.7900085449219,354.45001220703125,404047
2025-04-16,346.3999938964844,354.79998779296875,343.0899963378906,354.79998779296875,182875
2025-04-17,343.75,348.4800109863281,343.20001220703125,348.4800109863281,246897
2025-04-22,339.25,340.8599853515625,336.010009765625,338.3500061035156,442167
2025-04-23,343.8999938964844,348.6499938964844,341.8500061035156,342.8299865722656,423128
2025-04-24,349.1000061035156,349.989990234375,340.1099853515625,342.1700134277344,517704
2025-04-25,351.3999938964844,352.0199890136719,347.6499938964844,349.489990234375,234700
2025-04-28,349.25,351.8999938964844,347.2300109863281,351.32000732421875,122244
2025-04-29,350.6000061035156,351.6199951171875,348.0299987792969,349.010009765625,126465
2025-04-30,354.3500061035156,356.2699890136719,345.29998779296875,348.7099914550781,208040
2025-05-02,360.0,361.2200012207031,355.6600036621094,358.010009765625,201795
2025-05-05,360.04998779296875,361.95001220703125,356.07000732421875,357.989990234375,72343
2025-05-06,358.54998779296875,361.80999755859375,357.6000061035156,359.0,139110
2025-05-07,362.3399963378906,364.0,359.0199890136719,360.7099914550781,95000
2025-05-08,359.54998779296875,363.6499938964844,358.5199890136719,362.9700012207031,111044
2025-05-09,358.1000061035156,362.79998779296875,357.5,360.3900146484375,155778
2025-05-12,372.20001220703125,373.0899963378906,368.0799865722656,370.0,205093
2025-05-13,369.95001220703125,371.92999267578125,369.29998779296875,370.0,337340
2025-05-14,371.95001220703125,371.95001220703125,368.7799987792969,369.0799865722656,252607
2025-05-15,376.75,377.67999267578125,369.510009765625,370.0,127203
2025-05-16,378.3500061035156,378.989990234375,377.0299987792969,378.5400085449219,113943
2025-05-19,377.5400085449219,377.8699951171875,375.010009765625,375.9700012207031,160668
2025-05-20,377.54998779296875,378.42999267578125,376.0,377.5400085449219,242360
2025-05-21,369.79998779296875,376.25,369.1000061035156,376.0,224566
2025-05-22,370.79998779296875,372.45001220703125,367.70001220703125,371.0,139025
2025-05-23,367.3999938964844,371.3299865722656,367.0400085449219,368.29998779296875,72192
2025-05-26,371.7900085449219,373.9599914550781,369.5199890136719,369.70001220703125,88522
2025-05-27,375.0,375.5,371.510009765625,372.79998779296875,115217
2025-05-28,376.8500061035156,378.57000732421875,375.5,376.0,66160
2025-05-29,375.6499938964844,378.239990234375,372.19000244140625,377.3299865722656,81253
2025-05-30,378.79998779296875,379.70001220703125,374.1600036621094,376.3900146484375,137241
2025-06-02,377.95001220703125,378.3999938964844,373.760009765625,376.510009765625,240213
2025-06-03,377.1099853515625,379.5899963378906,375.5,378.0,141463
2025-06-04,377.6000061035156,378.79998779296875,376.20001220703125,377.1099853515625,121124
2025-06-05,371.8500061035156,376.5,371.2699890136719,376.5,182276
2025-06-06,374.70001220703125,378.5,373.70001220703125,373.70001220703125,158182
2025-06-09,374.45001220703125,376.80999755859375,374.1400146484375,374.70001220703125,126516
2025-06-10,377.20001220703125,377.760009765625,373.6000061035156,374.45001220703125,81501
2025-06-11,374.20001220703125,377.239990234375,373.010009765625,376.760009765625,75839
2025-06-12,375.45001220703125,376.3999938964844,372.19000244140625,372.82000732421875,125591
2025-06-13,371.67999267578125,375.8800048828125,370.5199890136719,375.0,183709
2025-06-16,371.29998779296875,373.8500061035156,370.5199890136719,371.67999267578125,167983
2025-06-17,369.1000061035156,370.2200012207031,367.739990234375,369.69000244140625,180581
2025-06-18,369.20001220703125,370.69000244140625,367.3399963378906,369.7200012207031,72931
2025-06-20,369.75,369.9800109863281,367.3399963378906,369.07000732421875,166847
2025-06-23,371.75,372.0199890136719,367.8900146484375,369.3299865722656,140150
2025-06-24,377.1000061035156,377.79998779296875,372.70001220703125,373.04998779296875,153404
2025-06-25,379.5,380.6099853515625,377.3299865722656,377.5,83989
2025-06-26,378.5,379.5299987792969,377.5299987792969,379.0,135684
2025-06-27,380.0,380.8599853515625,377.04998779296875,377.2300109863281,110139
2025-06-30,377.8500061035156,380.9700012207031,376.0400085449219,380.9700012207031,71948
2025-07-01,379.8500061035156,380.3900146484375,377.0,377.8500061035156,109278
2025-07-02,378.75,380.5299987792969,377.57000732421875,379.5,59538
2025-07-03,380.25,383.3999938964844,379.1099853515625,379.75,160672
2025-07-04,379.3999938964844,380.3299865722656,378.70001220703125,380.25,48332
2025-07-07,382.75,383.1499938964844,379.79998779296875,380.5,127574
2025-07-08,380.1000061035156,382.4599914550781,379.510009765625,381.5,112399
2025-07-09,386.6499938964844,386.6499938964844,381.32000732421875,381.5899963378906,139263
2025-07-10,390.5,392.5,387.7699890136719,389.95001220703125,236766
2025-07-11,388.79998779296875,392.5,387.92999267578125,390.0,162170
